n2_id,x_n2,y_n2,ra_n2,dec_n2,mag_n2,n2_err,apert_n2,cps,correct_cps,mag_n2_correc,n2-v_1,xcd_n2,ycd_n2,r_n2,phi_n2,theta_n2,age,log(Z),mass,logl,logt,logg,phase,composition,log(weight),V,U,B,R,I,FUV,NUV,caf2,baf2,sapph,silica,nuv_silica,b15,b13,b4,n2,aFUV,aNUV,aV,aI,fuv-nuv,fuv-v,nuv-v,fuv-i,nuv-i,acaf2,an2,asapph,caf2-n2,sapph-n2,caf2-sapph,caf2-v,sapph-v,n2-v_2,V-I,Separation
110,757.489,1198.783,13.366287,-26.658689,19.135,0.037,18.935,0.1023292992,0.1025121606,18.933,2.529,2.3701,-0.6765,2.4647,344.0695,254.0695,9.35,-2.9208,1.34492898,1.2146,3.7965,3.4832,0,0.4787,-3.8753,1.744,2.85,2.051,1.65,1.618,10.591,5.087,10.87,10.217,9.888,8.368,4.824,5.308,4.963,4.461,4.229,25.359,19.855,16.512,16.386,5.504000000000001,8.847000000000001,3.343,8.973000000000003,3.469000000000001,25.637999999999998,18.997,24.656,6.640999999999998,5.658999999999999,0.9819999999999993,9.125999999999998,8.143999999999998,2.4849999999999994,0.12600000000000122,0.07766551097603967
3715,2236.498,2402.562,13.133747,-26.583628,19.661,0.062,19.461,0.0630376479,0.0631069784,19.46,2.198,0.447,-0.8408,0.9523,297.9969,207.9969,9.7,-2.9208,1.06313205,0.8723,3.8297,3.856,0,0.4787,-3.2652,2.558,3.601,2.778,2.52,2.535,9.793,5.501,9.953,9.408,9.082,7.729,5.292,5.677,5.377,4.974,4.78,24.561,20.269000000000002,17.326,17.303,4.291999999999998,7.234999999999999,2.9430000000000014,7.257999999999999,2.966000000000001,24.721,19.548000000000002,23.85,5.172999999999998,4.302,0.8709999999999987,7.395,6.524000000000001,2.2220000000000013,0.022999999999999687,0.09121492932036288
158,2142.953,1341.085,13.19081,-26.696061,20.561,0.072,20.361,0.0275169313,0.0275301311,20.36,2.093,0.1708,-0.4536,0.4847,290.6351,200.6351,9.75,-2.9208,0.97173083,0.493,3.8458,4.2608,0,0.4787,-2.93,3.509,4.516,3.698,3.485,3.516,10.106,6.246,10.235,9.728,9.404,8.128,6.058,6.402,6.123,5.762,5.59,24.874000000000002,21.014000000000003,18.277,18.284,3.8599999999999994,6.597000000000001,2.737000000000002,6.590000000000003,2.730000000000004,25.003,20.358,24.172,4.645,3.814,0.8309999999999995,6.725999999999999,5.895,2.0809999999999995,-0.006999999999997897,0.012165561449703403
2032,2177.619,2169.416,13.150966,-26.606859,19.722,0.07,19.522,0.0595936519,0.0596556088,19.521,2.09,0.5564,-0.4484,0.7146,321.1318,231.1318,9.65,-2.9208,1.08370304,0.8288,3.8619,4.0365,0,0.4787,-3.0235,2.649,3.672,2.786,2.665,2.712,8.763,5.321,8.874,8.413,8.092,6.94,5.15,5.468,5.198,4.869,4.71,23.531,20.089,17.417,17.48,3.442,6.113999999999997,2.671999999999997,6.050999999999998,2.608999999999998,23.642000000000003,19.478,22.86,4.1640000000000015,3.381999999999998,0.7820000000000036,6.225000000000001,5.442999999999998,2.061,-0.06299999999999883,0.05186508602422763
2815,2187.947,2274.95,13.145168,-26.59572,20.813,0.087,20.613,0.0218172496,0.0218255463,20.613,2.138,0.9623,-0.2828,1.003,343.6243,253.6243,9.85,-2.9208,0.92008972,0.4174,3.8307,4.2522,0,0.4787,-3.3501,3.709,4.715,3.934,3.667,3.679,10.779,6.553,10.937,10.39,10.065,8.708,6.347,6.721,6.431,6.035,5.848,25.547,21.321,18.477,18.447,4.225999999999999,7.07,2.844000000000001,7.100000000000001,2.8740000000000023,25.705,20.616,24.833,5.088999999999999,4.216999999999999,0.8719999999999999,7.227999999999998,6.355999999999998,2.1389999999999993,0.030000000000001137,0.0031614489340413845
4577,2319.288,2595.513,13.115333,-26.565704,20.09,0.072,19.89,0.0424619564,0.0424933989,19.889,1.948,1.0108,-0.2302,1.0367,347.1694,257.1694,9.2,-2.9208,1.14851093,0.5764,3.8865,4.4135,0,0.4787,-2.6643,3.306,4.24,3.382,3.366,3.437,8.545,5.64,8.656,8.238,7.92,6.918,5.496,5.761,5.526,5.249,5.12,23.313000000000002,20.408,18.074,18.205000000000002,2.905000000000001,5.239000000000001,2.3339999999999996,5.1080000000000005,2.2029999999999994,23.424,19.888,22.688000000000002,3.535999999999998,2.8000000000000007,0.7359999999999971,5.349999999999998,4.614000000000001,1.814,-0.13100000000000023,0.1340036850607814
1557,1143.926,2090.327,13.280726,-26.576017,20.516,0.072,20.316,0.0286813771,0.0286957181,20.315,1.883,1.5701,0.3881,1.6173,13.884,283.884,9.0,-2.9208,1.11652803,0.4562,3.8694,4.453,0,0.4787,-2.3667,3.599,4.565,3.725,3.626,3.674,9.4,6.092,9.505,9.051,8.73,7.598,5.93,6.227,5.971,5.662,5.517,24.168,20.86,18.367,18.442,3.308,5.800999999999998,2.4929999999999986,5.725999999999999,2.4179999999999993,24.273000000000003,20.285,23.498,3.988000000000003,3.213000000000001,0.7750000000000021,5.906000000000002,5.131,1.9179999999999993,-0.07499999999999929,0.0460980575390115
3134,1386.196,2318.552,13.2413,-26.560329,20.781,0.084,20.581,0.022469841,0.0224786417,20.581,2.075,0.546,1.5084,1.6042,70.1004,340.1004,9.7,-2.9208,0.96689135,0.4045,3.8424,4.334,0,0.4787,-2.5267,3.735,4.734,3.933,3.705,3.731,10.409,6.477,10.543,10.028,9.703,8.408,6.286,6.635,6.355,5.987,5.813,25.177,21.245,18.503,18.499000000000002,3.9319999999999986,6.6739999999999995,2.742000000000001,6.677999999999997,2.7459999999999987,25.311,20.581,24.471,4.73,3.8900000000000006,0.8399999999999999,6.808,5.968,2.0779999999999994,0.003999999999997783,0.0029999523815160043
178,1902.836,1396.123,13.217796,-26.680874,20.115,0.066,19.915,0.0414954043,0.0415254309,19.914,1.954,1.3457,1.3829,1.9296,45.7807,315.7807,9.5,-2.9208,1.08684826,0.6037,3.8748,4.3151,0,0.4787,-3.3119,3.225,4.197,3.331,3.268,3.325,8.893,5.709,8.999,8.557,8.237,7.147,5.552,5.842,5.589,5.288,5.145,23.661,20.477,17.993000000000002,18.093,3.184000000000001,5.667999999999999,2.483999999999998,5.568000000000001,2.3840000000000003,23.767000000000003,19.913,23.005000000000003,3.8540000000000028,3.0920000000000023,0.7620000000000005,5.774000000000001,5.0120000000000005,1.9199999999999982,-0.09999999999999787,0.03401468588399385
4616,1700.089,2606.652,13.190546,-26.540834,20.62,0.121,20.42,0.0260615355,0.0260733755,20.42,2.01,-1.203,0.1723,1.2153,171.8479,81.8479,9.45,-2.9208,1.04052329,0.4335,3.857,4.3952,0,0.4787,-2.4545,3.655,4.645,3.818,3.653,3.69,9.867,6.275,9.981,9.5,9.178,7.966,6.1,6.421,6.153,5.818,5.66,24.635,21.043,18.423000000000002,18.458000000000002,3.5920000000000023,6.212,2.6199999999999974,6.177,2.5849999999999973,24.749000000000002,20.428,23.946,4.3210000000000015,3.5180000000000007,0.8030000000000008,6.3260000000000005,5.523,2.004999999999999,-0.03500000000000014,0.009433911380513292
5001,2211.662,2809.825,13.119277,-26.538171,20.911,0.111,20.711,0.0199342546,0.0199411807,20.711,2.084,1.2334,-0.468,1.3192,339.2211,249.2211,9.6,-2.9208,0.97650045,0.3444,3.8413,4.394,0,0.4787,-2.4224,3.888,4.881,4.09,3.856,3.88,10.577,6.623,10.713,10.194,9.87,8.567,6.431,6.781,6.502,6.132,5.958,25.345,21.391000000000002,18.656,18.648,3.953999999999997,6.689,2.735000000000003,6.696999999999999,2.743000000000002,25.481,20.726,24.637999999999998,4.755000000000003,3.911999999999999,0.8430000000000035,6.825000000000003,5.981999999999999,2.0700000000000003,0.007999999999999119,0.020518036519016843
2312,2142.685,2209.3,13.153522,-26.601166,20.218,0.084,20.018,0.0377398353,0.0377646705,20.017,2.068,0.9232,0.0323,0.9238,2.0021,272.0021,9.7,-2.9208,1.01397145,0.5964,3.8573,4.2221,0,0.4787,-2.9667,3.24,4.247,3.396,3.242,3.281,9.472,5.9,9.586,9.11,8.788,7.589,5.725,6.048,5.778,5.441,5.28,24.240000000000002,20.668,18.008000000000003,18.049,3.5720000000000027,6.231999999999999,2.6599999999999966,6.1910000000000025,2.6189999999999998,24.354,20.048000000000002,23.556,4.305999999999997,3.507999999999999,0.7979999999999983,6.3459999999999965,5.547999999999998,2.039999999999999,-0.04099999999999682,0.04177310235946213
1582,1889.428,2095.634,13.189367,-26.603914,19.761,0.073,19.561,0.0574910182,0.0575486774,19.56,1.906,1.3976,0.1753,1.4086,7.1489,277.1489,9.55,-2.9208,1.10242176,0.7125,3.8806,4.2355,0,0.4787,-2.5474,2.952,3.917,3.035,3.007,3.074,8.365,5.389,8.478,8.055,7.737,6.721,5.241,5.517,5.274,4.985,4.848,23.133000000000003,20.157,17.72,17.842,2.9760000000000026,5.413000000000004,2.437000000000001,5.291000000000004,2.3150000000000013,23.246000000000002,19.616,22.505000000000003,3.6300000000000026,2.889000000000003,0.7409999999999997,5.526000000000003,4.785000000000004,1.8960000000000008,-0.12199999999999989,0.056886379539700514
1908,1885.526,2154.133,13.187329,-26.597372,19.768,0.076,19.568,0.0571215522,0.0571784722,19.567,2.579,1.3047,1.1289,1.7253,40.8682,310.8682,9.55,-2.9208,1.17722023,1.0412,3.7862,3.5571,0,0.4787,-3.6847,2.199,3.327,2.54,2.081,2.028,11.455,5.652,11.763,11.087,10.757,9.211,5.373,5.887,5.53,4.997,4.759,26.223,20.42,16.967,16.796,5.802999999999997,9.256,3.453000000000003,9.427,3.6240000000000023,26.531,19.527,25.525,7.003999999999998,5.9979999999999976,1.0060000000000002,9.564,8.558,2.5600000000000023,0.17099999999999937,0.04428266804681568
2280,1936.798,2205.35,13.17886,-26.593733,19.861,0.06,19.661,0.0524324317,0.0524803849,19.66,2.496,0.3715,1.6126,1.6548,77.0285,347.0285,9.65,-2.9208,1.1049366,0.9614,3.7869,3.6122,0,0.4787,-3.6545,2.398,3.519,2.737,2.282,2.231,11.583,5.828,11.888,11.213,10.883,9.34,5.551,6.06,5.707,5.177,4.94,26.351,20.596,17.166,16.999000000000002,5.754999999999999,9.184999999999999,3.4299999999999997,9.351999999999997,3.5969999999999978,26.656,19.708000000000002,25.651,6.947999999999997,5.942999999999998,1.004999999999999,9.489999999999998,8.485,2.5420000000000016,0.16699999999999804,0.0664831550891635
2419,1715.597,2223.479,13.205121,-26.583302,19.346,0.069,19.146,0.0842558375,0.0843797569,19.144,1.704,0.0231,1.9539,1.954,89.3224,359.3224,9.35,-2.9208,1.22389805,0.8243,3.9103,4.2879,0,0.4787,-2.6468,2.726,3.601,2.718,2.825,2.929,6.899,4.793,7.066,6.7,6.413,5.687,4.685,4.879,4.709,4.486,4.387,21.667,19.561,17.494,17.697,2.1060000000000016,4.173000000000002,2.067,3.9700000000000024,1.8640000000000008,21.834,19.155,21.181,2.6789999999999985,2.026,0.6529999999999987,4.34,3.687000000000001,1.6610000000000014,-0.2029999999999994,0.04438490147172396
2464,1748.304,2228.219,13.200919,-26.584033,20.548,0.072,20.348,0.0278483841,0.0278619038,20.347,2.088,0.665,0.1173,0.6752,10.0046,280.0046,9.75,-2.9208,0.97481191,0.5071,3.8467,4.2517,0,0.4787,-3.3678,3.472,4.479,3.658,3.451,3.482,10.033,6.203,10.16,9.657,9.333,8.066,6.017,6.359,6.081,5.721,5.551,24.801000000000002,20.971,18.240000000000002,18.25,3.830000000000002,6.561,2.730999999999998,6.551000000000002,2.721,24.928,20.319000000000003,24.101,4.608999999999998,3.7819999999999965,0.8270000000000017,6.687999999999999,5.860999999999997,2.0790000000000006,-0.00999999999999801,0.029411016647784834
2681,1855.572,2256.755,13.18658,-26.585012,18.878,0.047,18.678,0.1296582035,0.1299519675,18.676,2.023,0.0395,0.6336,0.6348,86.4353,356.4353,9.4,-2.9208,1.27994883,1.1245,3.8887,3.9207,0,0.4787,-3.0107,1.913,2.896,1.953,1.992,2.079,7.018,4.352,7.147,6.747,6.434,5.523,4.216,4.468,4.249,3.976,3.844,21.786,19.12,16.681,16.847,2.6660000000000004,5.105,2.439,4.939,2.2729999999999997,21.915,18.612000000000002,21.202,3.3029999999999973,2.59,0.7129999999999974,5.233999999999998,4.521000000000001,1.931000000000001,-0.16600000000000037,0.11207174721213584
3120,1983.197,2315.857,13.168438,-26.583428,20.373,0.071,20.173,0.0327189984,0.0327376629,20.172,2.047,0.2646,0.7881,0.8313,71.4383,341.4383,9.7,-2.9208,1.00338173,0.552,3.8547,4.2514,0,0.4787,-3.3768,3.353,4.358,3.517,3.349,3.386,9.648,6.023,9.764,9.282,8.96,7.747,5.846,6.173,5.901,5.56,5.397,24.416,20.791,18.121000000000002,18.154,3.625,6.294999999999998,2.669999999999998,6.2620000000000005,2.6370000000000005,24.532,20.165,23.728,4.367000000000001,3.5630000000000024,0.8039999999999985,6.410999999999998,5.606999999999999,2.043999999999997,-0.0329999999999977,0.0076165595210305765
3337,1925.474,2345.524,13.174219,-26.577981,19.96,0.055,19.76,0.0478630092,0.0479029642,19.759,1.704,0.8002,0.8107,1.1391,45.3733,315.3734,9.0,-2.9208,1.19108307,0.5998,3.8964,4.4456,0,0.4787,-2.5322,3.264,4.162,3.311,3.338,3.421,8.107,5.472,8.233,7.835,7.524,6.617,5.34,5.583,5.364,5.107,4.989,22.875,20.240000000000002,18.032,18.189,2.634999999999998,4.843,2.208000000000002,4.686,2.051000000000002,23.001,19.757,22.292,3.2439999999999998,2.535,0.7089999999999996,4.969000000000001,4.260000000000002,1.7250000000000014,-0.15700000000000003,0.02109510070172491
3819,1790.646,2419.385,13.187525,-26.564759,19.639,0.053,19.439,0.0643279927,0.0644001928,19.438,1.747,1.6232,0.965,1.8884,30.732,300.732,9.4,-2.9208,1.16351271,0.7268,3.8971,4.3107,0,0.4787,-2.9237,2.941,3.852,2.976,3.021,3.109,7.717,5.171,7.852,7.459,7.151,6.275,5.042,5.278,5.068,4.814,4.696,22.485,19.939,17.709,17.877000000000002,2.5459999999999994,4.776,2.2300000000000004,4.607999999999997,2.0619999999999976,22.62,19.464,21.919,3.1560000000000024,2.455000000000002,0.7010000000000005,4.911000000000001,4.210000000000001,1.754999999999999,-0.1680000000000028,0.027203209700248834
3862,1552.955,2427.242,13.216243,-26.55482,19.901,0.078,19.701,0.0505358995,0.0505804444,19.7,1.916,1.674,1.2554,2.0924,36.8664,306.8664,9.55,-2.9208,1.09175038,0.6787,3.8782,4.2554,0,0.4787,-3.3606,3.036,4.005,3.128,3.086,3.15,8.549,5.495,8.659,8.229,7.911,6.867,5.343,5.625,5.378,5.084,4.944,23.317,20.263,17.804000000000002,17.918,3.0539999999999985,5.512999999999998,2.4589999999999996,5.399000000000001,2.3450000000000024,23.427,19.712,22.679000000000002,3.715,2.9670000000000023,0.7479999999999976,5.6229999999999976,4.875,1.9079999999999977,-0.11399999999999721,0.014421575065311262
3946,1905.194,2440.324,13.172623,-26.566846,20.037,0.065,19.837,0.0445861528,0.0446208215,19.836,1.947,0.4247,1.7543,1.805,76.391,346.391,9.6,-2.9208,1.06562364,0.6508,3.8713,4.2455,0,0.4787,-3.0865,3.102,4.087,3.215,3.139,3.193,8.863,5.632,8.97,8.525,8.205,7.106,5.472,5.769,5.512,5.204,5.057,23.631,20.4,17.87,17.961000000000002,3.2310000000000016,5.760999999999999,2.5299999999999976,5.669999999999998,2.4389999999999965,23.738,19.825000000000003,22.973,3.9129999999999967,3.147999999999996,0.7650000000000006,5.8679999999999986,5.102999999999998,1.9550000000000018,-0.09100000000000108,0.013601812675442151
1672,1988.221,2114.675,13.176472,-26.605607,20.203,0.066,20.003,0.0382648487,0.03829038,20.002,2.357,1.79,1.2977,2.2109,35.9404,305.9404,9.85,-2.9208,0.96827638,0.7472,3.8073,3.8505,0,0.4787,-3.2584,2.899,3.961,3.179,2.824,2.808,10.979,6.038,11.203,10.593,10.265,8.807,5.798,6.236,5.916,5.454,5.239,25.747,20.806,17.667,17.576,4.940999999999999,8.079999999999998,3.1389999999999993,8.171,3.2300000000000004,25.971,20.007,25.033,5.963999999999999,5.026,0.9379999999999988,8.303999999999998,7.366,2.34,0.09100000000000108,0.01771992493352776
1676,1964.684,2115.804,13.1793,-26.604584,20.166,0.072,19.966,0.0395913217,0.0396186547,19.965,1.967,0.3106,-0.4975,0.5865,301.9777,211.9777,9.55,-2.9208,1.06706023,0.591,3.8703,4.3017,0,0.4787,-2.7892,3.254,4.235,3.373,3.287,3.339,9.039,5.778,9.146,8.698,8.378,7.267,5.617,5.914,5.658,5.348,5.202,23.807000000000002,20.546,18.022000000000002,18.107,3.261000000000003,5.785,2.5239999999999974,5.700000000000003,2.439,23.914,19.97,23.146,3.9440000000000026,3.176000000000002,0.7680000000000007,5.8919999999999995,5.123999999999999,1.9479999999999968,-0.0849999999999973,0.019646851250557575
1913,1616.998,2154.937,13.22012,-26.587026,20.54,0.082,20.34,0.0280543364,0.0280680569,20.339,1.905,0.6724,-0.5686,0.8806,319.7791,229.7791,9.15,-2.9208,1.09336686,0.4423,3.8639,4.436,0,0.4787,-2.6276,3.633,4.611,3.777,3.647,3.689,9.615,6.183,9.723,9.258,8.937,7.769,6.016,6.323,6.062,5.741,5.591,24.383000000000003,20.951,18.401,18.457,3.432000000000002,5.982000000000003,2.5500000000000007,5.926000000000002,2.4939999999999998,24.491,20.359,23.705,4.131999999999998,3.3459999999999965,0.7860000000000014,6.09,5.3039999999999985,1.958000000000002,-0.05600000000000094,0.0566478151123785
2764,1772.402,2268.304,13.19625,-26.580573,20.163,0.095,19.963,0.0397008678,0.0397283524,19.962,2.058,1.626,1.0031,1.9105,31.6716,301.6716,9.7,-2.9208,1.01982534,0.6238,3.8581,4.2003,0,0.4787,-2.7102,3.17,4.18,3.324,3.174,3.215,9.387,5.831,9.5,9.026,8.703,7.51,5.657,5.979,5.708,5.373,5.213,24.155,20.599,17.938000000000002,17.983,3.556000000000001,6.216999999999999,2.660999999999998,6.172000000000001,2.6159999999999997,24.268,19.981,23.471,4.286999999999999,3.4899999999999984,0.7970000000000006,6.329999999999998,5.532999999999998,2.0429999999999993,-0.04499999999999815,0.0242075750747198
3723,1911.768,2403.879,13.173386,-26.57108,20.767,0.075,20.567,0.0227614539,0.0227704846,20.567,2.57,1.3404,1.4908,2.0048,48.041,318.041,9.9,-2.9208,0.94298875,0.7425,3.7701,3.6948,0,0.4787,-3.4587,2.979,4.157,3.38,2.823,2.737,13.164,6.654,13.55,12.814,12.483,10.877,6.343,6.922,6.538,5.941,5.695,27.932000000000002,21.422,17.747,17.505000000000003,6.510000000000002,10.185000000000002,3.6750000000000007,10.427,3.916999999999998,28.318,20.463,27.251,7.855,6.788,1.0670000000000002,10.571000000000002,9.504000000000001,2.716000000000001,0.24199999999999733,0.17925373653507398
3843,1743.969,2423.084,13.193072,-26.562571,20.97,0.137,20.77,0.0188799135,0.0188861262,20.77,2.129,-0.2198,-0.0161,0.2204,184.1846,94.1846,9.8,-2.9208,0.923554,0.3537,3.8304,4.3166,0,0.4787,-2.7045,3.871,4.871,4.099,3.828,3.838,10.939,6.704,11.098,10.55,10.224,8.862,6.498,6.871,6.583,6.186,6.0,25.707,21.472,18.639,18.606,4.234999999999999,7.068000000000001,2.833000000000002,7.100999999999999,2.8659999999999997,25.866,20.768,24.992,5.097999999999999,4.224,0.8739999999999988,7.227,6.3530000000000015,2.1290000000000013,0.0329999999999977,0.002000457764334063
2819,1763.663,2276.544,13.196964,-26.579339,20.085,0.09,19.885,0.0426579519,0.0426896854,19.884,1.661,0.682,0.9414,1.1625,54.0791,324.0791,9.85,-2.9208,1.220953384,0.55,3.8967,4.5076,7,0.0,-4.8448,3.393,4.281,3.443,3.465,3.546,8.241,5.583,8.366,7.966,7.654,6.738,5.45,5.695,5.473,5.216,5.099,23.009,20.351,18.161,18.314,2.6580000000000013,4.847999999999999,2.1899999999999977,4.695,2.036999999999999,23.134,19.867,22.422,3.2669999999999995,2.5549999999999997,0.7119999999999997,4.972999999999999,4.260999999999999,1.7059999999999995,-0.1529999999999987,0.04810431641460351
3054,1786.853,2308.219,13.192768,-26.576763,19.496,0.065,19.296,0.0733837667,0.0734777454,19.295,1.807,1.0331,0.6209,1.2053,31.0041,301.0041,9.45,-2.9208,1.18684828,0.8244,3.8926,4.2038,0,0.4787,-2.662,2.684,3.623,2.727,2.76,2.844,7.63,4.997,7.76,7.362,7.051,6.148,4.864,5.11,4.892,4.629,4.505,22.398,19.765,17.452,17.612000000000002,2.632999999999999,4.945999999999998,2.312999999999999,4.785999999999998,2.1529999999999987,22.528,19.273,21.819000000000003,3.254999999999999,2.546000000000003,0.7089999999999961,5.075999999999997,4.367000000000001,1.820999999999998,-0.16000000000000014,0.026076851970994807
3277,1858.482,2336.699,13.182787,-26.576386,20.39,0.1,20.19,0.0322106879,0.0322287769,20.189,2.102,0.5444,0.12,0.5575,12.4277,282.4276,9.75,-2.9208,0.98465598,0.5516,3.8492,4.2215,0,0.4787,-2.9683,3.357,4.366,3.534,3.341,3.375,9.828,6.075,9.951,9.457,9.133,7.889,5.891,6.228,5.952,5.598,5.43,24.596,20.843,18.125,18.143,3.753,6.471,2.718,6.452999999999999,2.6999999999999993,24.719,20.198,23.901,4.521000000000001,3.7029999999999994,0.8180000000000014,6.594000000000001,5.776,2.0730000000000004,-0.018000000000000682,0.03036469531537687
3676,1962.836,2396.723,13.167451,-26.573813,20.198,0.082,19.998,0.0384414712,0.0384672389,19.997,1.905,1.0184,0.5233,1.145,27.1973,297.1973,9.45,-2.9208,1.08684826,0.5621,3.8726,4.3479,0,0.4787,-2.6986,3.33,4.301,3.443,3.367,3.421,9.05,5.822,9.156,8.71,8.39,7.286,5.663,5.957,5.702,5.397,5.254,23.818,20.59,18.098,18.189,3.2280000000000015,5.720000000000002,2.492000000000001,5.629000000000001,2.401,23.924,20.022,23.158,3.902000000000001,3.136000000000003,0.7659999999999982,5.8260000000000005,5.060000000000002,1.9239999999999995,-0.09100000000000108,0.03140086077207812
3937,1955.859,2438.564,13.166505,-26.568973,20.916,0.089,20.716,0.019842665,0.0198495276,20.716,2.089,0.5702,0.7399,0.9341,52.3802,322.3802,9.75,-2.9208,0.93936062,0.3559,3.8344,4.3382,0,0.4787,-2.5098,3.861,4.86,4.079,3.823,3.839,10.767,6.657,10.915,10.381,10.056,8.723,6.457,6.821,6.536,6.15,5.969,25.535,21.425,18.629,18.607,4.109999999999999,6.905999999999999,2.7959999999999994,6.928000000000001,2.8180000000000014,25.683,20.737000000000002,24.823999999999998,4.945999999999998,4.086999999999996,0.8590000000000018,7.0539999999999985,6.194999999999997,2.1080000000000005,0.022000000000002018,0.028319907664222068
3982,1762.435,2447.023,13.189786,-26.56066,21.149,0.125,20.949,0.0160103195,0.0160147869,20.949,2.307,-0.0748,0.4313,0.4378,99.8412,9.8412,9.9,-2.9208,0.87883866,0.292,3.8192,4.3121,0,0.4787,-2.605,4.034,5.044,4.29,3.975,3.972,11.475,6.965,11.66,11.084,10.757,9.351,6.745,7.142,6.845,6.42,6.223,26.243000000000002,21.733,18.802,18.740000000000002,4.510000000000002,7.4410000000000025,2.931000000000001,7.503,2.9929999999999986,26.428,20.991,25.525,5.437000000000001,4.533999999999999,0.9030000000000022,7.626000000000001,6.722999999999999,2.189,0.06199999999999761,0.12525187237182447
3999,1969.585,2449.817,13.164344,-26.568268,20.84,0.088,20.64,0.0212813905,0.0212892846,20.64,2.002,0.7247,-0.2965,0.783,337.749,247.749,9.25,-2.9208,1.04224622,0.3548,3.8507,4.4499,0,0.4787,-2.2593,3.857,4.844,4.037,3.842,3.873,10.237,6.51,10.358,9.863,9.539,8.291,6.329,6.659,6.388,6.04,5.877,25.005000000000003,21.278,18.625,18.641000000000002,3.727000000000004,6.380000000000003,2.6529999999999987,6.364000000000001,2.636999999999997,25.126,20.645,24.307000000000002,4.481000000000002,3.6620000000000026,0.8189999999999991,6.501000000000001,5.682000000000002,2.0199999999999996,-0.01600000000000179,0.018681615008715947
1838,1907.021,2143.308,13.185167,-26.599376,20.894,0.1,20.694,0.0202488331,0.0202559795,20.694,2.218,0.1898,0.4439,0.4828,66.8552,336.8552,9.9,-2.9208,0.89953017,0.4047,3.8243,4.2294,0,0.4787,-3.236,3.744,4.757,3.985,3.694,3.698,11.023,6.644,11.194,10.633,10.307,8.924,6.431,6.818,6.524,6.111,5.918,25.791,21.412,18.512,18.466,4.379000000000001,7.279,2.8999999999999986,7.324999999999999,2.945999999999998,25.962000000000003,20.686,25.075000000000003,5.276000000000003,4.389000000000003,0.8870000000000005,7.450000000000003,6.563000000000002,2.1739999999999995,0.045999999999999375,0.04472133942008834
2278,1799.33,2205.169,13.195672,-26.588501,20.076,0.078,19.876,0.0430130263,0.0430452906,19.875,1.957,-0.1118,0.1201,0.1641,132.9667,42.9667,9.6,-2.9208,1.05969763,0.6287,3.8698,4.2591,0,0.4787,-2.9808,3.158,4.144,3.276,3.19,3.243,8.96,5.697,9.067,8.62,8.299,7.19,5.536,5.834,5.577,5.266,5.118,23.728,20.465,17.926000000000002,18.011,3.2630000000000017,5.802,2.538999999999998,5.717000000000002,2.4540000000000006,23.835,19.886000000000003,23.067,3.948999999999998,3.1809999999999974,0.7680000000000007,5.908999999999999,5.140999999999998,1.9600000000000009,-0.0849999999999973,0.0114017497342967
3713,1868.216,2402.022,13.17879,-26.569619,19.701,0.048,19.501,0.0607575146,0.0608219169,19.5,1.985,-0.4794,-2.2352,2.2861,257.8941,167.8941,9.6,-2.9208,1.10602069,0.8153,3.8771,4.1198,0,0.4787,-2.6897,2.687,3.674,2.777,2.739,2.804,8.249,5.195,8.36,7.932,7.613,6.576,5.042,5.327,5.078,4.78,4.637,23.017000000000003,19.963,17.455000000000002,17.572,3.054000000000002,5.562000000000001,2.507999999999999,5.445000000000004,2.391000000000002,23.128,19.405,22.381,3.722999999999999,2.975999999999999,0.7469999999999999,5.672999999999998,4.925999999999998,1.9499999999999993,-0.11699999999999733,0.10124228860193783
3761,1818.182,2409.816,13.184571,-26.566856,19.933,0.064,19.733,0.0490681857,0.0491101793,19.732,1.963,0.3693,-6.3697,6.3804,273.3182,183.3182,9.6,-2.9208,1.07524657,0.686,3.8736,4.2231,0,0.4787,-2.9657,3.014,3.997,3.12,3.056,3.114,8.715,5.531,8.822,8.382,8.062,6.977,5.373,5.666,5.412,5.107,4.962,23.483,20.299,17.782,17.882,3.184000000000001,5.7010000000000005,2.5169999999999995,5.600999999999999,2.416999999999998,23.59,19.73,22.83,3.8599999999999994,3.099999999999998,0.7600000000000016,5.808,5.047999999999998,1.9480000000000004,-0.10000000000000142,0.015132850946516063
3895,1902.437,2430.533,13.173381,-26.567811,20.491,0.099,20.291,0.0293494522,0.0293644693,20.29,2.058,2.5071,-1.0181,2.7059,337.8989,247.8989,9.75,-2.9208,0.97688138,0.5162,3.8472,4.2459,0,0.4787,-3.0904,3.448,4.456,3.633,3.428,3.46,9.99,6.177,10.116,9.615,9.292,8.03,5.991,6.332,6.054,5.696,5.526,24.758000000000003,20.945,18.216,18.228,3.8130000000000024,6.542000000000002,2.728999999999999,6.530000000000001,2.7169999999999987,24.884,20.294,24.060000000000002,4.59,3.766000000000002,0.8239999999999981,6.667999999999999,5.844000000000001,2.0779999999999994,-0.012000000000000455,0.020395812489470328
4013,1899.317,2454.703,13.172723,-26.56505,20.446,0.094,20.246,0.0305914456,0.030607761,20.245,2.215,2.8184,-0.3499,2.84,352.9235,262.9235,9.9,-2.9208,0.92929524,0.6122,3.8208,4.022,0,0.4787,-2.8928,3.222,4.256,3.468,3.169,3.17,10.671,6.194,10.849,10.283,9.957,8.566,5.975,6.374,6.071,5.65,5.449,25.439,20.962,17.990000000000002,17.938000000000002,4.477,7.448999999999998,2.9719999999999978,7.500999999999998,3.0239999999999974,25.617,20.217,24.725,5.400000000000002,4.508000000000003,0.8919999999999995,7.626999999999999,6.734999999999999,2.2269999999999968,0.0519999999999996,0.030463897612067106
2068,1759.477,2176.02,13.201797,-26.590165,19.888,0.08,19.688,0.0511446252,0.0511902503,19.687,2.069,4.4202,1.4502,4.652,18.164,288.164,9.7,-2.9208,1.04023349,0.722,3.8596,4.1165,0,0.4787,-2.6514,2.921,3.939,3.069,2.929,2.972,9.116,5.593,9.228,8.758,8.436,7.255,5.42,5.741,5.47,5.137,4.977,23.884,20.361,17.689,17.740000000000002,3.5229999999999997,6.195,2.6720000000000006,6.143999999999998,2.6209999999999987,23.996000000000002,19.745,23.204,4.251000000000001,3.4589999999999996,0.7920000000000016,6.307000000000002,5.515000000000001,2.056000000000001,-0.05100000000000193,0.05943877764975649
2260,1757.702,2202.205,13.200888,-26.587235,19.77,0.064,19.57,0.0570164272,0.0570731378,19.569,2.079,3.1325,4.2867,5.3093,53.843,323.843,9.7,-2.9208,1.05089414,0.7855,3.8536,4.0336,0,0.4787,-2.8969,2.76,3.788,2.92,2.758,2.798,9.123,5.492,9.24,8.761,8.439,7.236,5.312,5.645,5.368,5.023,4.856,23.891,20.26,17.528,17.566000000000003,3.6309999999999967,6.3629999999999995,2.732000000000003,6.324999999999996,2.693999999999999,24.008000000000003,19.624000000000002,23.207,4.384,3.5829999999999984,0.8010000000000019,6.480000000000004,5.679000000000002,2.0960000000000036,-0.03800000000000381,0.05756711973245627
2500,1886.396,2234.299,13.183777,-26.588644,20.919,0.14,20.719,0.0197879134,0.0197947381,20.719,2.006,-2.2647,6.417,6.8049,109.4387,19.4387,9.35,-2.9208,1.01780212,0.3285,3.846,4.4467,0,0.4787,-2.3129,3.928,4.916,4.121,3.902,3.93,10.48,6.62,10.609,10.099,9.775,8.491,6.433,6.774,6.498,6.139,5.971,25.248,21.388,18.696,18.698,3.8599999999999994,6.552,2.692,6.550000000000001,2.6900000000000013,25.377000000000002,20.739,24.543,4.638000000000002,3.8039999999999985,0.8340000000000032,6.681000000000001,5.846999999999998,2.0429999999999993,-0.0019999999999988916,0.042059510078234205
3100,1760.802,2314.171,13.195696,-26.575117,20.367,0.113,20.167,0.0329003108,0.0329191828,20.166,2.446,-0.9598,-1.8935,2.1229,243.1205,153.1205,9.9,-2.9208,0.93857729,0.7055,3.7998,3.8487,0,0.4787,-3.2574,3.018,4.09,3.32,2.928,2.899,11.441,6.239,11.693,11.059,10.73,9.24,5.986,6.445,6.118,5.632,5.409,26.209000000000003,21.007,17.786,17.667,5.202000000000002,8.423000000000002,3.221,8.542000000000002,3.34,26.461,20.177,25.498,6.283999999999999,5.3210000000000015,0.9629999999999974,8.674999999999997,7.712,2.3909999999999982,0.11899999999999977,0.056089240087004985
3368,1836.189,2348.852,13.18499,-26.574207,20.102,0.079,19.902,0.0419952335,0.0420259882,19.901,2.083,-2.5165,-0.5796,2.5823,192.9699,102.9699,9.75,-2.9208,1.0091176,0.6781,3.8512,4.1136,0,0.4787,-2.6508,3.034,4.054,3.203,3.025,3.062,9.457,5.763,9.576,9.09,8.767,7.544,5.581,5.916,5.639,5.289,5.121,24.225,20.531,17.802,17.830000000000002,3.6940000000000026,6.423000000000002,2.728999999999999,6.395,2.700999999999997,24.344,19.889000000000003,23.535,4.454999999999998,3.6459999999999972,0.809000000000001,6.542000000000002,5.7330000000000005,2.0870000000000033,-0.028000000000002245,0.012648245115709708
3165,1899.178,2321.974,13.178446,-26.57955,19.624,0.054,19.424,0.0652228842,0.0652971086,19.423,2.163,4.6958,-1.0007,4.8013,347.9705,257.9705,9.65,-2.9208,1.09304214,0.888,3.8494,3.9311,0,0.4787,-3.1723,2.502,3.541,2.671,2.493,2.531,9.027,5.292,9.149,8.662,8.339,7.114,5.107,5.45,5.167,4.811,4.639,23.795,20.060000000000002,17.27,17.299,3.7349999999999994,6.525000000000002,2.7900000000000027,6.496000000000002,2.761000000000003,23.917,19.407,23.107,4.510000000000002,3.6999999999999993,0.8100000000000023,6.647000000000002,5.837,2.1370000000000005,-0.028999999999999915,0.03052894194876057
3055,1901.833,2308.05,13.17872,-26.581173,20.546,0.081,20.346,0.02789973,0.0279132997,20.345,2.163,-0.0877,2.917,2.9184,91.7216,1.7216,9.9,-2.9208,0.92124391,0.5463,3.826,4.105,0,0.4787,-2.6535,3.385,4.407,3.619,3.338,3.346,10.643,6.296,10.81,10.254,9.928,8.555,6.084,6.47,6.174,5.766,5.572,25.411,21.064,18.153,18.114,4.347000000000001,7.258000000000003,2.9110000000000014,7.297000000000001,2.9499999999999993,25.578000000000003,20.34,24.696,5.238000000000003,4.356000000000002,0.8820000000000014,7.425000000000004,6.543000000000003,2.187000000000001,0.038999999999997925,0.024515056742229764
3089,1830.638,2316.17,13.187073,-26.577566,21.063,0.124,20.863,0.0173300574,0.0173352917,20.863,1.966,-1.0774,-5.4587,5.564,258.8349,168.8349,9.0,-2.9208,1.03528106,0.2872,3.8438,4.487,0,0.4787,-2.0015,4.034,5.019,4.234,4.004,4.029,10.645,6.733,10.778,10.262,9.937,8.639,6.544,6.888,6.612,6.248,6.078,25.413,21.501,18.802,18.797,3.911999999999999,6.611000000000001,2.6990000000000016,6.616,2.7040000000000006,25.546,20.846,24.705,4.699999999999999,3.858999999999998,0.8410000000000011,6.744,5.902999999999999,2.0440000000000005,0.004999999999999005,0.07983129506648504
2121,1901.125,2182.744,13.184192,-26.594841,20.346,0.1,20.146,0.0335428531,0.0335624698,20.145,1.852,-2.1654,1.9233,2.8962,138.388,48.388,9.05,-2.9208,1.13627636,0.5062,3.8778,4.4443,0,0.4787,-2.369,3.476,4.427,3.578,3.522,3.58,9.011,5.892,9.117,8.68,8.361,7.287,5.739,6.021,5.774,5.48,5.343,23.779,20.66,18.244,18.348,3.1189999999999998,5.535,2.4160000000000004,5.431000000000001,2.312000000000001,23.885,20.111,23.129,3.774000000000001,3.0180000000000007,0.7560000000000002,5.641000000000002,4.885000000000002,1.8670000000000009,-0.1039999999999992,0.03716222793858947
2694,1793.125,2257.927,13.194163,-26.582499,20.73,0.106,20.53,0.0235504928,0.0235601606,20.53,1.973,4.2096,3.1024,5.2293,36.3895,306.3895,9.0,-2.9208,1.08684826,0.3965,3.8582,4.4564,0,0.4787,-2.2758,3.75,4.734,3.912,3.75,3.786,9.925,6.348,10.037,9.557,9.234,8.023,6.174,6.492,6.226,5.893,5.737,24.693,21.116,18.518,18.554000000000002,3.5770000000000017,6.175000000000001,2.597999999999999,6.138999999999999,2.5619999999999976,24.805,20.505000000000003,24.002000000000002,4.299999999999997,3.497,0.8029999999999973,6.286999999999999,5.484000000000002,1.9870000000000019,-0.036000000000001364,0.028653672438266126
2215,1767.643,2199.623,13.199784,-26.587897,19.834,0.097,19.634,0.0537526649,0.0538030649,19.633,1.821,1.2464,-3.0847,3.3269,292.0017,202.0017,9.45,-2.9208,1.13093448,0.6902,3.8888,4.3017,0,0.4787,-3.3569,3.019,3.959,3.082,3.085,3.162,8.18,5.36,8.296,7.884,7.568,6.597,5.22,5.479,5.249,4.975,4.847,22.948,20.128,17.787,17.93,2.8200000000000003,5.161000000000001,2.341000000000001,5.018000000000001,2.1980000000000004,23.064,19.615000000000002,22.336,3.448999999999998,2.7209999999999965,0.7280000000000015,5.277000000000001,4.5489999999999995,1.828000000000003,-0.14300000000000068,0.019312674767970123
